title,city,phone,website,reviews,rating,address
Explosive Fitness,"Mainmajra, Panchkula",+91 96463 88770,https://www.explosivefitness.in/,63,5,"Backside Entry, Nac Market, SCO 832, NAC Manimajra, Sector 13, Mainmajra, Panchkula, Chandigarh 160101, India"
The Quads Fitness Gym,Chandigarh,+91 75088 64945,https://thequadsfitness.com/,22,4.4,"Ist Floor, Chowk, 57 , 58 C, near by Shivalik Garden, Subhash Nagar, Sector 13, Chandigarh, 160101, India"
RK Fitness,Chandigarh,+91 98146 67274,https://rkfitnessgyms.vercel.app/,24,4.5,"New Timber Market, Plot no. 35, Timber Market, Sector 26, Chandigarh, 160019, India"
"Pro Ultimate Gyms - Sector 7-C, Chandigarh",Chandigarh,+91 86869 00043,https://www.proultimategyms.in/,422,4.9,"SCO 43, Floor, 1-2, Sector 7-C, Sector 7, Chandigarh, 160019, India"
Burn Gym,Chandigarh,+91 98787 79672,https://www.burngym.com/,1084,4.6,"1st & 2nd Floor, SCO 62, 65, Madhya Marg, Sector 8C, Chandigarh, 160009, India"
UR Fitness Personalised,Chandigarh,+91 98727 03007,https://urfitnesspersonalised.com/,36,4.9,"SCO 3-A Top floor, Madhya Marg, Sector 7-C, Sector 7, Chandigarh, 160019, India"
BodyZone Fitness & Spa,Chandigarh,+91 172 507 7770,https://www.bodyzonegym.in/,756,4.6,"S.C.O. 180-187, Second Floor, Madhya Marg, Sector 9 C, Chandigarh, 160009, India"
YoKalp (Pilates & Yoga Studio),Chandigarh,+91 96468 90700,https://yokalp.com/,202,5,"1st floor, SCO-2, Madhya Marg, near Nik Baker, Sector 7-C, Sector 7, Chandigarh, 160019, India"
Pro Yokalp,Chandigarh,+91 81464 00026,https://www.yokalp.com/,34,4.9,"2nd Floor, SCO: 4-5, Madhya Marg, 9D, Sector 9, Chandigarh, 160009, India"
Country Club,Chandigarh,+91 172 417 2046,https://www.countryclubindia.net/,107,3,"SCO No. 44 & 45 2nd Floor, Sector 9D, Madhya Marg, above Punjab National Bank, Chandigarh, 160009, India"
Yogastu Wellness,Chandigarh,+91 97292 09066,http://buildwithyogi.com/,21,5,"9D, Sector 9, Chandigarh, 160009, India"
Amaira Spa & Health Club - Hyatt Regency,Chandigarh,+91 172 440 1290,https://www.hyatt.com/en-US/hotel/india/hyatt-regency-chandigarh/ixchr/area-attractions?src=gplaces_amairaspa,22,4.2,"Hyatt Regency Chandigarh, First Floor, Chandigarh, 160002, India"
AVG Healthcare ( HEALTH VITALS PVT. LTD ),Chandigarh,+91 95011 06343,https://www.avghealthcare.com/,39,4.9,"Ist Floor, AVG Healthcare ( HEALTH VITALS PVT. LTD, SCO 866, NAC Rd, MM, Sector 13, Chandigarh, 160101, India"
The Reset Space,Chandigarh,+91 98771 13277,http://theresetspace.in/,6,5,"1081, Sector 8C, Sector 8, Chandigarh, 160009, India"
Yogoda Satsanga Dhyana Kendra - Chandigarh,Chandigarh,+91 94631 24539,https://chandigarh.ysskendra.org/,90,4.8,"Near, Gurjar Bhawan Rd, Sector 28 D, Sector 28, Chandigarh, 160002, India"
Aliine By Ageology,Chandigarh,+91 99151 76220,https://www.aliine.in/?utm_source=local&utm_medium=gbp&utm_campaign=aliine,2,5,"Second Floor, SCO - 24-25, Madhya Marg, 9D, Sector 9, Chandigarh, 160009, India"
Photon physio clinic,Chandigarh,+91 98177 97741,http://photonphysio.com/,3,5,"opposite main market, Modern Housing Complex, Sector 13, Chandigarh, 160101, India"
AnandSutra - Isha Hatha Yoga Chandigarh,Chandigarh,+91 96607 58485,https://anandsutra.org/,100,5,"668, 8B, Sector 8, Chandigarh, 160009, India"
Birth & Beyond,Chandigarh,+91 98148 07988,https://birthnbeyond.co.in/,88,5,"H.No. 149, Sector 28A, Sector 28, Chandigarh, 160002, India"
YogaFI,"Chandigarh, Sukteri",,http://www.yogafi.org/,,,"Right Global Info Solutions, Right Global Info Solutions, Plot no. 16, Rajiv Gandhi Technology Park, Phase - I, Sector 13, Chandigarh, 160101, India"
"Lemon Tree Hotel, Chandigarh",Chandigarh,+91 172 442 3232,http://www.lemontreehotels.com/lemon-tree-hotel/chandigarh/hotel-chandigarh?utm_source=Google&utm_medium=GMB,4129,3.9,"Plot No. 3, MW, Industrial Area Phase I, Chandigarh, 160002, India"
Royal fitness club | Best gym in chandigarh,Chandigarh,,https://vishal.beingmaker.com/,1,5,"Second Floor, 9D, Sector 9, Chandigarh, 160009, India"
IVT Oxy Health and Wellness Centre CGA Golf Range,Chandigarh,,https://ivtindia.com/,4,5,"CGA Golf Driving Range, Kishangarh, Chandigarh, 160001, India"
Shrug Life CF,Kansal,+91 98759 35778,https://www.shruglife.in/,109,4.7,"Sukhna Enclave, 56/57, Main Ave, Kaimbwala, Kansal, Sector 1, Kansal, Punjab 160103, India"
Trainwithpacific,Chandigarh,+91 97800 18388,http://trainwithpacific.com/,61,5,"1, Azaadi Rte, 10D, Sector 10, Chandigarh, 160011, India"
Neo Spartan Fitness | Gym in Chandigarh | Fitness Center & Personal Trainer,Chandigarh,+91 81949 67484,https://neospartan.in/,209,4.6,"Sco 2927-2928 basement, near hotel diamond, Sector 22C, Chandigarh, 160022, India"
Brodeway Etender डिजिटल signature Gym,Chandigarh,+91 92164 16567,http://www.brodeway.in/,25,4.4,"PLOT NO 1760 Deep Complex, Hallo Majra, Chandigarh, 160002, India"
GLOBAL GYM FACTORY,Chandigarh,+91 85578 83309,http://www.speedfitness.co.in/,,,"1528, Deep Complex, Hallo Majra, Chandigarh, 160002, India"
Hox Fitness,Chandigarh,+91 70873 20007,http://hoxfitness.com/,163,4.4,"Hotel Mountview, Sector 10A, Sector 10, Chandigarh, 160011, India"
Fitness Continues,"Nayagaon, Sahibzada Ajit Singh Nagar",+91 99887 77547,https://fitness-continues.business.site/?utm_source=gmb&utm_medium=referral,30,5,"Block H, Shivalik Vihar Road, Nayagaon, Sahibzada Ajit Singh Nagar, Chandigarh 160103, India"
Akhada Health and Fitness Club,Chandigarh,+91 92186 04441,http://www.akhadagym.com/,584,4.9,"SCO 34,Sector, 33D, Chandigarh, 160020, India"
Yog Amore,"Chandigarh, Kansal",,http://www.yogamoreshala.com/,85,5,"Kansal Enclave, YogAmoreShala, behind Chandigarh Club, Sector 1, Chandigarh, 160103, India"
Pro Ultimate Gyms - Aroma 22 Chandigarh,Chandigarh,+91 76964 83559,https://proultimategyms.in/,1086,4.8,"2nd Floor, Hotel Aroma Complex, Sector 22C, Sector 22, Chandigarh, 160022, India"
Zumba Certification course,Chandigarh,,http://leafzumba.com/,11,5,"Sector 21A, Sector 21, Chandigarh, 160022, India"
Anytime Fitness,Chandigarh,+91 86993 99800,https://www.anytimefitness.com/en-in/locations/chandigarh-chandigarh-in-1107,732,4.6,"1st & 2nd Floor, Sco 107 & 108, 43B, Sector 43, Chandigarh, 160022, India"
Flex Gym,Chandigarh,+91 98033 00112,https://flexgym41.netlify.app/,192,4.2,"2nd Floor, sco no. 6 & 7 sector, Sector 41D, Badheri, Sector 41, Chandigarh, 160036, India"
Gurbilas Health Club ( GYM ),Sahibzada Ajit Singh Nagar,+91 98156 24334,http://ghcnutritionchd.com/,133,4.5,"SCO 18, Top Floor, Sector 55, Phase 1, Sector 55, Sahibzada Ajit Singh Nagar, Chandigarh 160055, India"
Pro Ultimate Gyms,Chandigarh,+91 86428 00044,https://proultimategyms.in/sector-44-c-chandigarh/,975,4.9,"SCO 255-256, Top Floor, 44C, Sector 44, Chandigarh, 160043, India"
- Sec 22,Chandigarh,,http://ozigym.com/,371,4.2,"SCO 3013-14, Dakshin Marg, Sector 22D, Sector 22, Chandigarh, 160022, India"
Divine Soul Yoga,Chandigarh,+91 93892 53652,http://www.divinesoulyoga.com/,121,5,"Dhyan Vatika, 289, Sector 10A, Sector 10, Chandigarh, 160011, India"
Yogshakha | Yoga Studio,Chandigarh,+91 78144 08051,https://yogshakha.in/,19,5,"Shopping Plaza, 17C, Sector 17, Chandigarh, 160017, India"
Svadhyo Yogshala,Chandigarh,+91 94167 25496,https://www.svadhyoyogshala.com/home,142,5,"Sector 37A, Sector 37, Chandigarh, 160037, India"
Santushti Yoga Lounge by Rohan,Chandigarh,+91 98726 24884,https://santushtibylavleen.com/yoga-classes-chandigarh,183,5,"SCO 2422, Sector 22C, Sector 22, Chandigarh, 160022, India"
Ajay Health & Wellness Center | Weight Loss & Fitness Club,Chandigarh,+91 98886 99760,https://sites.google.com/view/ajaywellnesscenter/home,78,5,"FIRST FLOOR, SCO NO 89, Sector 38C, Sector 38, Chandigarh, 160036, India"
SB Wellness Center,Chandigarh,,http://www.drshalinderkaur.com/,26,4.8,"1929, 34D, Sector 34, Chandigarh, 160022, India"
Tritam Moksha Spa,Chandigarh,+91 98784 09429,https://tritammoksha.in/,234,4.7,"1st Floor, SCO 423/24, 35C, Sector 35, Chandigarh, 160022, India"
Yogabhyasa Studio,Chandigarh,+91 84271 60352,https://boroktimes.com/chandigarh-player-parbhakar-yoga-artist-won-14-madles-in-different-sports-senior-national-championships/,538,5,"kala Kendra, Plot number 28,29, Sector 24C, Sector 24, Chandigarh, 160023, India"
Chandigarh Wellness Centre,Chandigarh,+91 172 263 0692,https://visualize.data.gov.in/?inst=8eede3a2-1652-49eb-bd7f-48ae3ea7a11e,2,5,"Old U.T, Polyclinic Building, Sector 45C, Sector 45, Chandigarh, 160047, India"
Heavenly touch,Chandigarh,+91 98963 04255,https://heavenlytouchspa.in/,5,5,"second floor, Sco 415-416, near gopal sweets, 35C, Sector 35, Chandigarh, 160022, India"
Syndicate Gym Industries | Gym equipment manufacturer Chandigarh,Chandigarh,+91 93169 70498,http://www.gymmanufacturer.com/,1,5,"Shop no, 255, Sector 38C, Chandigarh, 160014, India"
Team wind chasers skating academy (Sec 44),Chandigarh,+91 88723 00065,https://twcsportsclub.com/,286,4.9,"St. Joseph sr. sec. School, sector 44, Chandigarh, 160043, India"
Jasmine Kaur - Founder of Healthy Ageing Hub,Chandigarh,,https://connecteacbef.clickfunnels.com/me,1,5,"1929, Fitness Studio(Basement), Sector:34-D, Chandigarh 160022, India"
"Pro Ultimate Gyms - Sector 40 B, Chandigarh",Chandigarh,+91 95226 00040,https://www.proultimategyms.in/,16,4.8,"1st & 2nd Floor, Quite Office No. 6, Sector 40B, Chandigarh, 160036, India"
Yoga In Nerves,Chandigarh,+91 70180 19553,https://yogainnerves.exlyapp.com/,45,5,"Yoga in Nerves,3045/A first floor residential welfare society, Sector 52, Chandigarh, 160062, India"
YogAahar,Chandigarh,,https://yogaahar.com/,19,5,"Ground Floor, SCO 186, Sector 38C, Sector 38, Chandigarh, 160036, India"
Yogkoshal,Chandigarh,+91 94784 43144,https://yogkoshal.grexa.site/,29,5,"The Customs & Central Excise Cooperative Housing Board Society, 1098/1, Sector 51B, Sector 51, Chandigarh, 160043, India"
Training in Tricity - Personal Women Trainer - Zumba - Aerobics - yoga - various dance forms - wedding choerography,Chandigarh,+91 98887 78677,https://fitwithjyoti.carrd.co/,30,4.9,"45D, Sector 45, Chandigarh, 160047, India"
Plexus Yoga | Home Classes,Chandigarh,,https://www.plexusyoga.in/,2,5,"kala Kendra, Plot number 31, Sector 24C, Sector 24, Chandigarh, 160023, India"
TheDetoxYoga,Chandigarh,,https://thedetoxyoga.com/,,,"35B, Sector 35, Chandigarh, 160022, India"
Kalyankari Yoga Studio,Chandigarh,+91 6284 684 772,https://kalyankariyogastudio.com/,33,4.9,"1562, 34D, Sector 34, Chandigarh, 160022, India"
Legacee Gyms & Spa,Chandigarh,+91 97800 34111,https://legacee-gyms-spa-gym.grexa.site/,275,4.7,"4th Floor, SCO 23-24-25, Sector 34A, Sector 34, Chandigarh, 160022, India"
Oxizone Fitness & Spa,Chandigarh,+91 90410 33777,https://www.oxizonefitness.com/,707,4.4,"Sco 321, Sector 38-D, Sector 38, Chandigarh, 160014, India"
Fitness Matters,Chandigarh,+91 98880 28021,https://www.fitnessmatters.org/,241,4.8,"First Floor, SCO 3013, near Malwa Tyres, Sector 22D, Sector 22, Chandigarh, 160022, India"
New Horizon Fitness Zone,Sahibzada Ajit Singh Nagar,+91 81120 60050,https://newhorizonfitnesszone.my.canva.site/,13,5,"458, Phase 6, Sector 56, Sahibzada Ajit Singh Nagar, Punjab 160055, India"
Reflex Gym,Chandigarh,+91 86993 49645,https://reflexgym44.com/,117,4.6,"inside Shri Chaitanya School, Sector 44 B, 44B, Sector 44, Chandigarh, 160043, India"
Rock 'n' Roll Dance Modeling Acting Academy Chandigarh,Chandigarh,+91 98889 99989,https://www.rocknrollchandigarh.com/,85,5,"Sco 288 First Floor, above Raymond showroom, Market 35 D, Sector 35D, Sector 35, Chandigarh, 160022, India"
VZN Fitness,Chandigarh,+91 85568 64571,https://vznfitness.com/,101,4.9,"SCO-69, Sector-31C, Sector 31, Chandigarh, 160030, India"
"Pro Ultimate Gyms - Sector 32, Chandigarh",Chandigarh,+91 99272 00032,https://proultimategyms.in/,725,4.8,"SCO 66-67, Floor, 1-2, C-D, Sector 32, Chandigarh, 160030, India"
Pro Ultimate Gyms Sector 34A Chandigarh,Chandigarh,+91 98885 10034,https://proultimate.com/,194,4.8,"third floor, SCO 358&359, Sector 34A, Sector 34, Chandigarh, 160022, India"
Vault By Virat Kohli Chandigarh,Chandigarh,+91 97790 01444,https://www.vaultbyviratkohli.com/,114,4.8,"SCO 156-160, Sector 8C, Sector 8, Chandigarh, 160009, India"
Instayog Salsa bachata kizomba zumba yoga classes,Chandigarh,,https://www.instayog.com/,10,5,"sco 288, Market 35 D, Sector 35D, Sector 35, Chandigarh, 160022, India"
Shashvat Ayurveda Clinic and Panchkarma Centre Chandigarh,Chandigarh,+91 90560 44427,https://shashvatayurveda.com/,19,4.8,"SCO-326, 40D, Sector 40D, Chandigarh, 160036, India"
Advait Yog Siddhant,,+91 88941 98130,http://www.advaityogsiddhant.com/,81,4.9,
Maharishi Yoga Health Foundation,Chandigarh,+91 98884 66604,https://maharishiyoga.in/,49,4.8,"Ground Floor, Sco 128-129, Sector 34A, Sector 34, Chandigarh, 160022, India"
"Aarogya Yoga | Meditation, Yoga, and Wellness Studio",Chandigarh,+91 94784 23792,https://www.aarogyayoga.com/,58,5,"House, Number 10C, Army Flats, C-10, near Gurudwara, Sector 44 A, 44B, Sector 44, Chandigarh, 160043, India"
Krishnamacharya Ashtanga Viniyoga,Chandigarh,+91 78892 81286,http://www.kavyoga.com/,78,5,"279, Sector 33 Market Rd, 33A, Sector 33, Chandigarh, 160020, India"
The Kings Academy of Martial Arts,Chandigarh,+91 97800 55644,https://mmagymchd.com/,227,4.9,"SCO 29, Top Floor, Near Landmark Hospital, Sector 33 D, opp. Terrace Garden, Chandigarh, 160020, India"
BTF Gym Chandigarh,Chandigarh,+91 77195 60422,https://boxtofit.in/,35,4.7,"SCO 1076-1077, Sector 22B, Sector 22, Chandigarh, 160022, India"
Gym13 Sector 22,Chandigarh,+91 98572 90013,http://www.gym13.in/,222,4.6,"SCO 1106 -7 Top Floor, above Toy Mart, Sector 22B, Chandigarh, 160022, India"
Divine Yoga Centre,Chandigarh,+91 90232 92908,https://sites.google.com/view/divineyoganeelima/home,24,5,"449, Shanti Path, Sector 46A, Sector 46, Chandigarh, 160047, India"
Secret Gym Society,Chandigarh,+91 62394 22232,https://secretgymsociety.com/?utm_source=ig&utm_medium=social&utm_content=link_in_bio&fbclid=PAb21jcAPIGThleHRuA2FlbQIxMQBzcnRjBmFwcF9pZA81NjcwNjczNDMzNTI0MjcAAaciHFr5emF2OPlXkGtyn7T1MVRoKmM31U7A6AEILWziYW-PKM00t1lLS4KWSQ_aem_AJNBC3_mDHJEkCIIw16pnA,9,5,"Number 1170, 2nd Floor, Sector 15 B, House, Chandigarh, 160015, India"
Elite Edge Gym and Spa,Chandigarh,+91 99883 83434,https://eliteedgegyms.com/,302,4.5,"4th Floor, Sector 34A, Sector 34, Chandigarh, 160022, India"
Adhere To Fit - Professional personal trainer in chandigarh,Chandigarh,+91 98766 12001,https://adheretofit.com/,56,5,"Sector 17A, Sector 17, Chandigarh, 160017, India"
Amshi Fitness,Chandigarh,+91 98767 25092,https://amshi.fit/,22,5,"House Number 1170, 2nd Floor, B, 15B, Sector 15, Chandigarh, 160015, India"
Yog Divya Mandir Eva Chikitsalay,Chandigarh,+91 172 265 7611,http://www.syaat.org/,63,4.6,"Sukhna Path, Sector 30A, Sector 19C, Sector 19, Chandigarh, 160030, India"
"The Pilates Studio , Chandigarh",Chandigarh,+91 70094 61035,http://www.pilatesaltitude.com/,30,4.8,"S.C.O. Number 45, 46-47, Sector 17A, Chandigarh, 160017, India"
The Little Gym of Chandigarh,Chandigarh,+91 81466 69894,http://www.thelittlegym.in/,31,4.9,"Top Floor, SCO 131-132, Shopping Plaza, 17C, Sector 17, Chandigarh, 160017, India"
Yoga Classes in Chandigarh Personal Trainer,Chandigarh,+91 79883 54495,https://yogaclassesinchandigarh.com/,13,5,"House no, 44 44, Sector 9A, Sector 9, Sector 22, Chandigarh, 160009, India"
Fitness Physique First,,+91 98779 23728,https://followmysite.com/fitness,47,5,
"Tutor and You (Best Fitness and Yoga Trainers | Personal Trainers in Chandigarh, Mohali, Panchkula)",,+91 98153 03979,https://tutorandyou.com/,,,
Yog Cafe,Chandigarh,,http://www.kavalyoga.com/,42,5,"House no 242, Shringaar, Opp Punajb Kala Bhawan, Near Rose Garden, Sector16-A, Chandigarh 160015, India"
Anytime Fitness,Chandigarh,+91 98514 00048,https://www.anytimefitness.com/en-in/locations/chandigarh-chandigarh-in-1058,844,4.3,"Sco No 98 to 100, 3rd Floor, 17D, Chandigarh, 160017, India"
Prakritik Chikitsa And Jeevan Kendra,Chandigarh,+91 172 277 0976,http://www.centralgandhismaraknidhi.org/,,,"Gandhi Smarak Bhawan, Sector 16 A, Sector 16, Chandigarh, 160015, India"
Healing Hands Chiro & Wellness Clinic,Chandigarh,+91 83606 84694,https://www.healinghandschiroandwellnessclinic.com/,239,4.8,"ground, 1128, Sector 34C, Chandigarh, 160022, India"
Pro Ultimate Gyms - Sec 46 Chandigarh,Chandigarh,+91 93567 04646,http://www.proultimategyms.in/,1359,4.7,"SCO 65,66,67,68 , TOP FLOOR, Sector 46C, Sector 46, Chandigarh, 160047, India"
Art of Living Yoga and Meditation Center(Happiness Program),Sahibzada Ajit Singh Nagar,+91 80545 00840,https://www.artofliving.org/in-en,126,5,"Chandigarh Housing Board Flats, Phase 9, sector 63, Sahibzada Ajit Singh Nagar, Punjab 160062, India"
Aarogya Sadan,Chandigarh,+91 98883 38575,http://www.aarogyasadan.com/,78,4.8,"3175, Paradise Enclave, Sukhna Path, Sector 50D, Sector 50, Chandigarh, 160047, India"
Muscle Pro-fit Fitness & Gym,Chandigarh,,https://muscleprofit.com/,,,"Sector 14 West, HBC, Dhanas, Chandigarh, 160014, India"
ULTIMATE FITNESS,Sahibzada Ajit Singh Nagar,+91 98887 45521,https://www.ultimatefitness.in/,1470,4.8,"SCF 4-5, Level 1 & 2, Phase 11, Sahibzada Ajit Singh Nagar, Punjab 160055, India"
Pro Ultimate Gyms - Medallion 68,Sahibzada Ajit Singh Nagar,+91 77450 00068,https://www.proultimategyms.in/,186,4.7,"2nd Floor, Medallion 68, SCO 242-249, Sector 68, Kumbra, Sahibzada Ajit Singh Nagar, Punjab 160062, India"
XO Fitness Mohali,Sahibzada Ajit Singh Nagar,+91 62396 37977,http://www.xofitness.in/,289,4.9,"506, Level 2, SCO, 3, Sector 70, Sahibzada Ajit Singh Nagar, Punjab 160062, India"
Fitway Gym,Sahibzada Ajit Singh Nagar,+91 62396 13249,http://fitwaygym.in/,220,4.9,"Sco 34-35, Sector 67, Sahibzada Ajit Singh Nagar, Punjab 160062, India"
Anytime Fitness,Sahibzada Ajit Singh Nagar,+91 76963 11148,https://www.anytimefitness.com/en-in/locations/mohali-punjab-in-1119,122,4,"2nd Floor, District One, SCO No 42 to 45, Sector 68, Sahibzada Ajit Singh Nagar, Punjab 160062, India"
"Pro Ultimate Gyms - Sector 70, Mohali",Sahibzada Ajit Singh Nagar,+91 82888 06770,https://proultimategyms.in/best-gym-in-mohali-sector-70/,711,4.9,"SCO 28-29, Floor, 2-3, near Hotel Miraj, Sector 70, Sahibzada Ajit Singh Nagar, Punjab 160071, India"
Oxizone Fitness & Spa - Gym In Mohali,Sahibzada Ajit Singh Nagar,+91 172 353 4942,https://www.oxizonefitness.com/,564,4.5,"Site No. 1, Mattaur Rd, Sector 70, Sahibzada Ajit Singh Nagar, Punjab 160071, India"
kr fitness studio,Chandigarh,,http://www.krfitnessstudio.in/,36,5,"Housing board, 2969/49D, near PINK ROSE SOCIETY, Sector 49, Chandigarh, 160047, India"
YoKalp (Pilates & Yoga Studio),Sahibzada Ajit Singh Nagar,+91 6284 833 593,https://yokalp.com/sec-68-mohali/,196,4.8,"Sco-2, near Waycup Cafe, Sector 68, Sahibzada Ajit Singh Nagar, Punjab 160062, India"
Elevate Wellness Club - Best Gym in Mohali,Sahibzada Ajit Singh Nagar,+91 172 500 4122,https://true-elevate.com/,505,4.6,"SCO 112 to 114, Phase 10, Sector 64, Sahibzada Ajit Singh Nagar, Punjab 160062, India"
Burn Gym Phase 9 Mohali | Best Gym in Mohali | Premium Fitness,Sahibzada Ajit Singh Nagar,+91 172 501 0106,https://www.burngym.com/mohali-gym-phase9,1088,4.7,"Punjab Olympic Association, opp. House No 714, Phase 9, Sahibzada Ajit Singh Nagar, Punjab 160062, India"
Pro Ultimate Gyms Sector 117 TDI Mohali,Sahibzada Ajit Singh Nagar,+91 74074 04800,https://proultimategyms.in/,965,4.8,"SCO 142-143, Sector 117, TDI, Sahibzada Ajit Singh Nagar, Punjab 140307, India"
Step2Step Dance Studio,Sahibzada Ajit Singh Nagar,+91 98881 37158,https://www.s2sdancestudio.com/,200,4.5,"SCF 53 Second Floor, Phase 10, Sector 64, Sahibzada Ajit Singh Nagar, Punjab 160062, India"
"Anytime Fitness TDI Park Street, Mohali",Sahibzada Ajit Singh Nagar,+91 92500 00410,https://www.anytimefitness.co.in/gyms/in-1160/mohali-punjab-140301/,51,3.9,"Airport Road, TDI Park Street, Sector 118, Sahibzada Ajit Singh Nagar, Punjab 140307, India"
YOGA SE HOGA,Sahibzada Ajit Singh Nagar,+91 82849 55418,https://yogasehoga.net/,66,4.9,"SCF 17, Phase 5, Sector 59, Sahibzada Ajit Singh Nagar, Punjab 160059, India"
Vinay Yoga Trainer,Sahibzada Ajit Singh Nagar,+91 72060 06685,https://vinayyogatrainer.online/,108,5,"First Floor, Hm 23, near GIAN JYOTI GLOBAL SCHOOL, Phase 2, Sector 54, Sahibzada Ajit Singh Nagar, Punjab 160055, India"
Vinyasa Yoga Studio,Sahibzada Ajit Singh Nagar,+91 75970 48895,https://www.vinyoga.in/,89,4.9,"777, Sector 91, Sahibzada Ajit Singh Nagar, Punjab 140307, India"
Empower Aura (Aerial Yoga & Divine Energy),Sahibzada Ajit Singh Nagar,+91 62830 53915,http://www.empoweraura.com/,44,4.7,"SCO-372, FF, TDI SQUARE, Sector 117, Sahibzada Ajit Singh Nagar, Punjab 140307, India"
Archon Fitness Club,Sahibzada Ajit Singh Nagar,+91 90411 79111,https://www.archonfitness.com/,208,4.8,"Floor 6, INDUSTRIAL FOCAL POINT, C-119, Phase 7, Industrial Area, Sector 73, Sahibzada Ajit Singh Nagar, Punjab 160057, India"
Club 72 Gym by Pro Ultimate,Sahibzada Ajit Singh Nagar,+91 83500 07272,https://www.club72gym.com/,366,4.9,"Phase-8, Plot No. A 33, Phase-8, Industrial Area, Sector 73, Sahibzada Ajit Singh Nagar, Punjab 160071, India"
Aman health club,Sahibzada Ajit Singh Nagar,,http://www.mahabalishera.com/,29,4.7,"PPGF+Q8P, Phase 1, Sector 55, Phase 1, Mohali Village, Sahibzada Ajit Singh Nagar, Punjab 160055, India"
MOHALI FITNESS CENTER,Sahibzada Ajit Singh Nagar,+91 98759 44424,https://mohaliclub.net/,13,4.5,"BEVERLY SOCIETY, beside THE MOHALI CLUB, Phase 11, Sector 65, Sahibzada Ajit Singh Nagar, Punjab 160062, India"
Pro Phoenixz,Sahibzada Ajit Singh Nagar,+91 95015 96962,https://prophoenixz.com/,51,5,"Top Floor, Dance & Fitness Studio in, SCF - 20, Phase 5, Sector 59, Sahibzada Ajit Singh Nagar, Punjab 160059, India"
Dansation Dance Studio,Sahibzada Ajit Singh Nagar,+91 98888 92718,https://dansation.in/,244,4.9,"Scf 44 Top Floor, above O Chicken, Phase 5, Sahibzada Ajit Singh Nagar, Punjab 160059, India"
Dr Manpreet's Physiotherapy and Wellness Clinic - Physiotherapist in Chandigarh,Chandigarh,+91 88726 12296,https://www.drmanpreetkaur.com/,874,5,"16 ,ground floor, young dwellers society, near 49 - 50 lights ( bycycle round about, Sector-49A, Chandigarh, 160047, India"
Shiv.N Success Boxing Academy,Chandigarh,+91 79735 78005,http://shivnsuccess.netlify.app/,44,5,"Sri Chaitanya Techno School, opposite Laxmi Narayan Mandir, 44B, Sector 44, Chandigarh, 160043, India"
Body Works Gym & Spa,Sahibzada Ajit Singh Nagar,+91 6284 138 209,https://sites.google.com/view/body-works-gym-spa/home,94,4.8,"SCO 70-71, Phase 9, Sector 63, Sahibzada Ajit Singh Nagar, Punjab 160062, India"
HIIT GROUP,Chandigarh,+91 84488 11903,https://www.hiitgroup.co.in/,6,5,"Sector 47 D, Sector 47, Chandigarh, 160047, India"
Fitness club,Sahibzada Ajit Singh Nagar,,http://www.foreverliving.com/,18,4.9,"ho.no.1734, Punjab 160062, India"
Pro Ultimate Gyms Sector 71 Mohali,Sahibzada Ajit Singh Nagar,+91 62392 48526,https://proultimategyms.in/,789,4.8,"Sector 71 SCO 39,40 Pro Ultimate Gyms, Sector 71, Sahibzada Ajit Singh Nagar, Punjab 160071, India"
GYMaholic,Sahibzada Ajit Singh Nagar,+91 89687 15063,https://www.gymaholic71.com/,379,4.8,"33-34, Kargil Park Rd, Sector 71, Sahibzada Ajit Singh Nagar, Punjab 160071, India"
Gold's Gym Mohali,Sahibzada Ajit Singh Nagar,+91 97791 59099,http://goldsgym.in/our-gyms/gold-s-gym-phase-8,982,4.4,"SAS Infonet Building, C-133, Mohali Bypass, Phase-8, Industrial Area, Sector 73, Sahibzada Ajit Singh Nagar, Punjab 160071, India"
Lifeline Fitness,Sahibzada Ajit Singh Nagar,+91 97797 39888,https://lifelinefitness.in/,81,4.2,"Plot E-310, Industrial Area, Sector 75, Sahibzada Ajit Singh Nagar, Punjab 140307, India"
"LVL UP GYMS, MOHALI",Sahibzada Ajit Singh Nagar,+91 82830 49000,http://www.levelupgyms.info/,633,4.6,"D 228, 1st Floor, Industrial Area, Sector 74, Sahibzada Ajit Singh Nagar, Punjab 140307, India"
Ultimate Physique Fitness Gym,Sahibzada Ajit Singh Nagar,+91 98789 89322,https://upfgym.com/,217,4.8,"3rd floor, Mann Bhawan, SCO -958, Mataur, Sector 70, Sahibzada Ajit Singh Nagar, Punjab 160071, India"
Club 72 Gym - Vajra Martial Arts Academy,Sahibzada Ajit Singh Nagar,+91 92057 40391,https://www.club72gym.com/,18,4.7,"Plot No. A 33, Sector 72, Phase-8, Industrial Area, Sahibzada Ajit Singh Nagar, Punjab 160071, India"
Pro Ultimate Gyms Sector 91 Mohali,Sahibzada Ajit Singh Nagar,+91 94073 00076,https://proultimategyms.in/,1412,4.9,"SCO 82-83 Floor, 1-2, Sector 91, Sahibzada Ajit Singh Nagar, Punjab 140307, India"
Burn Gym Phase 5 Mohali | Best Gym in Mohali | Premium Fitness,Sahibzada Ajit Singh Nagar,+91 172 500 8988,https://www.burngym.com/mohali-gym-phase5,1356,4.6,"SCO - 7, Phase 5, Sector 59, Sahibzada Ajit Singh Nagar, Punjab 160059, India"
DIVYA Yoga & Therapeutic Yoga Home Instructor Provider,Sahibzada Ajit Singh Nagar,+91 98532 48000,https://divyayogainstructor.in/,128,4.9,"Hemkunt Public School, D2 Neat Sri, Plaza Market Rd, Sector 71, Sahibzada Ajit Singh Nagar, Punjab 160071, India"
MISSION INDIA FITNESS INSTITUTE GURGAON,Sahibzada Ajit Singh Nagar,,http://www.gmmifi.com/,23,4.5,"Plot No. F-193, Phase 8B, Industrial Area, Sector 74, Sahibzada Ajit Singh Nagar, Punjab 140307, India"
Legacy Tiny Warriors Playway & Activity Club for Kids | Club 72 Gym,Sahibzada Ajit Singh Nagar,+91 82888 40777,https://www.club72gym.com/,4,4.8,"Plot 33-A, Sector 72, Phase-8, Industrial Area, Sahibzada Ajit Singh Nagar, Punjab 160071, India"
Yoga Flows,Sahibzada Ajit Singh Nagar,,https://www.yogaflows.online/,3,5,"2323, Sector 71, Sahibzada Ajit Singh Nagar, Punjab 160071, India"
Solis Wellness Center,Sahibzada Ajit Singh Nagar,,https://divinesoulyoga.com/,1,5,"Plot no. E- 234, sonalika tower, Industrial Area, Sector 74, Sahibzada Ajit Singh Nagar, Punjab 140307, India"
Fit & Fly Premium Fitness Club,Sahibzada Ajit Singh Nagar,+91 70368 00786,https://fitandflyclubs.com/,220,4.6,"2ND FLOOR, SCO 5, near PHASE 5, Phase 5, Sector 59, Sahibzada Ajit Singh Nagar, Punjab 160059, India"
Roots Development League,Sahibzada Ajit Singh Nagar,,https://www.mivranfootballschool.com/tournaments,1,5,"Golden bells public school, Sector 77, Sahibzada Ajit Singh Nagar, Punjab 140308, India"
Amigos Mixed Martial Arts Academy,Sahibzada Ajit Singh Nagar,,https://www.amigosbjjmma.com/,,,"Plot No. A 33, Phase-8, Industrial Area, Sector 73, Sahibzada Ajit Singh Nagar, Punjab 160071, India"
HEAL With Ravneett K,Sahibzada Ajit Singh Nagar,+91 82888 89575,https://www.ravneettk.com/,23,5,"5th Floor, Office suites Jubilee Walk Mall, 551, Sector 70, Sahibzada Ajit Singh Nagar, Punjab 160071, India"
Divya Yoga,Sahibzada Ajit Singh Nagar,+91 98774 57243,https://divyayogainstructor.in/,40,4.9,"House no, 2271, Sector 89, Lakhnaur, Sahibzada Ajit Singh Nagar, Punjab 140308, India"
Krishna Wellness and Healthcare,Sahibzada Ajit Singh Nagar,,https://krishna-wellness-qwodwf6.gamma.site/,13,5,"3488, Sector 70, Sahibzada Ajit Singh Nagar, Punjab 160062, India"
Oceans7 Fitness Gym,Sahibzada Ajit Singh Nagar,+91 82849 44091,https://www.oceans7.co.in/,17,2.9,"MMXH+JH5, SCO 48, Sector 91 Rd, Sector 91, Sahibzada Ajit Singh Nagar, Punjab 140307, India"
Meet Singh Fitness,Chandigarh,+91 73558 58095,https://www.krfitnessstudio.in/,13,5,"2969, housing board flats, Sector 49 D, Sector 49, Chandigarh, 160047, India"
The Mohali Club,Sahibzada Ajit Singh Nagar,+91 98759 44401,http://www.mohaliclub.net/,3669,4.5,"Phase 11, Sector 65, Sahibzada Ajit Singh Nagar, Punjab 160062, India"
PRO ULTIMATE GYMS PHASE 2,Sahibzada Ajit Singh Nagar,+91 94245 40009,https://proultimategyms.in/phase-2/,942,4.9,"SCO 81-82, Phase 2, Sector 54, Sahibzada Ajit Singh Nagar, Punjab 160055, India"
Sona Gym & Spa,Sahibzada Ajit Singh Nagar,+91 98888 91318,https://sonagymspa.in/,250,4.8,"Top Floor, SCO 672, above Federal Bank, Sector 70, Sahibzada Ajit Singh Nagar, Punjab 160071, India"
Fitness by Soma (Women Fitness Studio),Sahibzada Ajit Singh Nagar,+91 79739 29088,https://www.fitnessbysoma.com/,61,5,"2nd & 3rd Floor, Jubilee Junction, SCO 20, Sector 66, Sahibzada Ajit Singh Nagar, Punjab 160062, India"
Pilates Social Club,Sahibzada Ajit Singh Nagar,+91 80909 09777,http://pilatessocialclub.in/,18,5,"2nd floor, District One, SCO 23, Sector 68, Sahibzada Ajit Singh Nagar, Punjab 160068, India"
D1 Spa And Wellness,Sahibzada Ajit Singh Nagar,+91 90415 41544,https://sites.google.com/view/d1-spa-and-wellness/home?authuser=0,33,5,"2nd Floor, D1 SPA AND WELLNESS, ALC DISTRIC 1 MARKET, SCO 14, Sector 68, Sahibzada Ajit Singh Nagar, Punjab 140306, India"
Fitness 7 Gym Chain,Sahibzada Ajit Singh Nagar,+91 96462 08707,https://sonusingh.in/best-gym-in-sector-68-mohali/,230,4.9,"Gym Chain, Sco 4/5, near Army Law Institute Fitness 7, Sector 68, Sahibzada Ajit Singh Nagar, Punjab 160062, India"
Shaptkon yog,Sahibzada Ajit Singh Nagar,+91 97800 00238,https://shaptkonyog.in/,9,5,"Verka booth, Near, Sector 79, Sahibzada Ajit Singh Nagar, Punjab 140308, India"
"OZMO Slimming Studio Mohali – Personalised Gym, Yoga, Zumba, Diet Plans & Weight Loss Studio",Sahibzada Ajit Singh Nagar,+91 99155 76363,http://www.ozmoslimmingstudio.com/,34,5,"sco 84, near hdfc bank, Sector 86, Sahibzada Ajit Singh Nagar, Punjab 140306, India"
IISER Mohali Gym,Sahibzada Ajit Singh Nagar,,http://www.iisermohali.ac.in/,24,4,"Sector 81, Sahibzada Ajit Singh Nagar, Punjab 140306, India"
Pro Ultimate Gyms - Wave Estate Mohali,Sahibzada Ajit Singh Nagar,+91 6284 849 266,https://www.proultimategyms.in/,391,4.9,"Wave Estate, SCO 7-8-9-10, Sector 85, Sahibzada Ajit Singh Nagar, Punjab 140308, India"
GetFitByKD,Sahibzada Ajit Singh Nagar,,https://getfitbykd.urbanpro.com/,6,5,"Wave Estate, Sector 85, Sahibzada Ajit Singh Nagar, Punjab 140308, India"
ALPHA ZONE GYM,Sahibzada Ajit Singh Nagar,+91 97793 33155,https://alphazonegym.in/,94,4.8,"2ND FLOOR, MNB GROUP, SCO 16-17, Landran Rd, Sohana, Sahibzada Ajit Singh Nagar, Punjab 140308, India"
Thirkan Lalit Kkala Kendraa | Dance Classes in Mohali,Sahibzada Ajit Singh Nagar,+91 98551 12300,https://www.thirkanmohali.com/,134,4.9,"Basement, SCO 1, Main Market Rd, below Waycup Cafe, Sector 68, Sahibzada Ajit Singh Nagar, Punjab 160062, India"
"Putt Punjab De Bhangra Academy, Mohali",Sahibzada Ajit Singh Nagar,+91 95903 10001,https://rohitjaura.github.io/PuttPunjabDeScanResult/,32,4.9,"City Park, Sector 68, Sahibzada Ajit Singh Nagar, Punjab 160062, India"
Hands Wellness Services,Sahibzada Ajit Singh Nagar,+91 98781 25469,http://hands.life/,,,"2406, Phase 10, Sector 64, Sahibzada Ajit Singh Nagar, Punjab 160062, India"
Art of Living Meditation Centre,Sahibzada Ajit Singh Nagar,+91 98884 39044,https://www.artofliving.org/in-en/sahaj-samadhi,1,5,"House No : 914, Industrial Area Mohali Phase 9, Sahibzada Ajit Singh Nagar, Punjab 160062, India"
Claps Fitness,Sahibzada Ajit Singh Nagar,+91 82740 02121,http://www.clapsfitness.in/,349,4.1,"SCO 4-5-6-7-8, adjoining Gurudwara Singh Shaheedan, Sector 78, Sahibzada Ajit Singh Nagar, Punjab 140308, India"
The Impirium Flex Gym,Sahibzada Ajit Singh Nagar,+91 98157 75333,https://www.theimpiriumflex.com/,16,3.8,"Tdi city, Top Floor, South Extension 1, SCO 1107-1111, Sector 118, Sahibzada Ajit Singh Nagar, Punjab 140307, India"
The spiritual eye institute,Sahibzada Ajit Singh Nagar,+91 96037 10751,https://thespiritualeyeinstitute.in/,16,5,"Phase 1, tdi city, 692, Sector 117, Sahibzada Ajit Singh Nagar, Punjab 160055, India"
THE WELLNESS QUEEN,Sahibzada Ajit Singh Nagar,+91 70781 00017,https://www.thewellnesqueen.com/,11,5,"2nd & 3rd Floor, SCF-22, Phase 3B2, Sector 60, Sahibzada Ajit Singh Nagar, Punjab 160059, India"
Fitwiser - Simplifying Weight Loss,Sahibzada Ajit Singh Nagar,+91 98150 80032,https://fitwiser.in/simplifying-weight-loss/,570,4.8,"SCO 2, Phase 5, Sector 59, Sahibzada Ajit Singh Nagar, Punjab 160059, India"
M AND A INNOVATIVES PVT.LTD.,Sahibzada Ajit Singh Nagar,,https://www.m-ainnovatives.com/,2,5,"2nd & 3rd Floor, SCF-22, Phase 3B2, Sector 60, Sahibzada Ajit Singh Nagar, Punjab 160059, India"
Yogasth,Sahibzada Ajit Singh Nagar,+91 89688 36963,http://www.yogasth.com/,1,5,"First 541, Phase 3 A, Sector 53, Sahibzada Ajit Singh Nagar, Punjab 160059, India"
Match Point Lawn Tennis Academy,Sahibzada Ajit Singh Nagar,+91 97805 84171,https://tenniskhelo.com/academy/match-point-lawn-tennis-academy-chandigarh-chandigarh,3,5,"Swami Ram Tirtha Smart School, Phase 4, Sector 59, Sahibzada Ajit Singh Nagar, Punjab 160055, India"
Chandigarh Physiotherapy Center,Sahibzada Ajit Singh Nagar,,https://business.google.com/v/_/AKsrIN1oq0Jye1y3Gm5rxY8qY_MPQ8pW2n-cW4kPnLKxBTvKfZFdTKg/10ac/_?exp=1778401&myads=1,24,5,"SCO 47, near LIC, Phase 2, Sector 54, Sahibzada Ajit Singh Nagar, Punjab 160059, India"
Wininches (Women Strength and Fitness Studio),Sahibzada Ajit Singh Nagar,+91 88375 58662,https://wininches.com/,70,5,"Third floor, Scf 9, Phase 5, Sector 59, Sahibzada Ajit Singh Nagar, Punjab 160059, India"
Solid Steel Gym,Sahibzada Ajit Singh Nagar,,https://solidsteelgym.netlify.app/,77,5,"Sco 30, near Franco Hotel Road, Sector 55, Phase 1, Sector 55, Sahibzada Ajit Singh Nagar, Punjab 160055, India"
Train Insane Gym,Sahibzada Ajit Singh Nagar,+91 96532 81759,https://traininsanegym.co.in/,49,4.7,"Sco 23 ,Top Floor, Phase 1, Sector 55, Phase 1, Mohali Village, Sahibzada Ajit Singh Nagar, Punjab 160055, India"
Elite24 Fitness Point,Sahibzada Ajit Singh Nagar,+91 96579 00006,https://elite24fitnesspoint.in/,69,4.1,"SCO 1008-1011, TDI City Road No. 1, Sector 74 A, Sahibzada Ajit Singh Nagar, Punjab 160055, India"
Anytime Fitness,Panchkula,+91 77103 30326,https://www.anytimefitness.com/en-in/locations/panchkula-haryana-in-1123,520,4.7,"1st & 2nd Floor, SCO No 16, Sector 10, Budanpur, Panchkula, Haryana 134106, India"
"HUSL The Fitness Club, Panchkula",Panchkula,+91 70877 07878,http://huslfitness.com/?utm_source=google&utm_medium=wix_google_business_profile&utm_campaign=11424423271647889709,171,4.7,"SCO 370, 1st & 2nd Floor, Sector 8, Panchkula, Haryana 134109, India"
Pro Ultimate Gyms,Panchkula,+91 93392 00014,https://proultimategyms.in/,1655,4.9,"218, Floor 1, SCO, 2, above Baker's Oven, Sector 14, Panchkula, Haryana 134113, India"
BURNin Fitness,Panchkula,+91 172 350 3180,http://www.burninfitness.com/,328,4.9,"SCO 58-59, Sector 11, Panchkula, Haryana 134112, India"
Octane Fitness,Panchkula,+91 79018 31409,https://theoctanefitness.com/,109,3.6,"Address - First & Second Floor, SCO 401-402, Sector 20, Panchkula, Haryana 134117, India"
Shaleen Yoga I Private Yoga Classes I Yoga at home l Home Tuition,Panchkula,+91 75080 78603,https://shaleenyoga.com/shaleen-yoga/,21,4.8,"#91, top floor, Sector 15, Panchkula, Haryana 134113, India"
Yoga By Bharat,Panchkula,+91 98881 89095,https://www.yogabybharat.com/,54,4.9,"House No.608, Sector 16, Panchkula, Haryana 134113, India"
Anant yogalaya Panchkula,Panchkula,,http://www.anantyogalaya.yoga/,,,"SCO NO 51, above BANDHAN BANK, Budanpur, Panchkula, Haryana 134112, India"
Yokalp Pilates & Yoga Studio,Panchkula,+91 85568 55658,http://www.yokalp.com/,163,4.9,"SCO 409, Second Floor, Sector 8, Panchkula, Haryana 134109, India"
Dhaarna Yoga k,Panchkula,+91 98882 66678,https://dhaarnayogastudio.com/,152,5,"shop no 2, on whole sale supermarket, Sector 20, First Floor, near Agro Mall, Sector 20, Panchkula, Haryana 134117, India"
YogYatra With Urvashi,Panchkula,+91 84272 84083,http://www.yogyatrawithurvashi.in/,35,5,"370, Sector 9, Panchkula, Haryana 134113, India"
Yogamrit Anandam - Panchkula ( Yoga & Wellness ),Panchkula,+91 80502 74881,https://calendar.app.google/y3Y5Udw3NsZnSi968,16,5,"the pankh studio, above bank of baroda, Sector 21, Budanpur, Panchkula, Haryana 134116, India"
Breathe Yoga,"Zirakpur, Sanauli",+91 89686 67782,https://breathestudio4yoga.wixsite.com/breathestudio4yogaae,178,5,"SCO 2, First Floor, Citi Plaza, Peer Muchalla Rd, opposite BOLLYWOOD HEIGHTS-1, adjacent D-Mart, Sector 20, Zirakpur, Sanauli, Punjab 160104, India"
Inferno - The Fitness Club,Panchkula,+91 99888 03580,http://infernothefitnessclub.com/,660,4.5,"First &, Second Floor, SCO 63, Sector 11, Panchkula, Haryana 134112, India"
Deep Fitness,Zirakpur,+91 99140 99194,https://thedeepfitness.in/,46,5,"62, Ram Vihar, complex, Baltana, Zirakpur, Punjab 140604, India"
"Pro Ultimate Gyms - Sector 20, Panchkula",Panchkula,,https://www.proultimategyms.in/,33,5,"1st and 2nd Floor, Booth Market, SCO 389, Facing, Sector 20, Panchkula, Haryana 134117, India"
DANCE WITH ARYAN STUDIO,Panchkula,+91 81462 04527,https://sites.google.com/view/dancewitharyan/home,90,5,"Top Floor, sco-59, Sector 12-A, Panchkula, Haryana 134112, India"
The Fitness Chakra- Dance Academy in Panchkula,Panchkula,+91 99889 94585,https://the-fitness-chakra-dance.grexa.site/,203,5,"Second Floor, inner market, SCF 42, above Landmark, Sector 8, Panchkula, Haryana 134108, India"
The Soul Train Gym & Spa,Panchkula,+91 97799 72899,https://www.soultraingym.com/,373,4.6,"SCO - 1, 2, 3 & 4, near Agro Mall, Sector 20, Panchkula, Haryana 134117, India"
Elevate - Best Gym in Panchkula,Panchkula,+91 97500 00629,https://true-elevate.com/,149,4.6,"Bellavista, 2nd floor, Welcomhotel By ITC Hotels, Sector 5, Panchkula, Haryana 134109, India"
"Burn Gym, sector 8 ,Panchkula",Panchkula,+91 172 502 8028,https://www.burngym.com/panchkula-gym-sector8,1384,4.7,"SCO 394 - 396, Sector 8, Panchkula, Haryana 134109, India"
Olympic physiotherapy and Fitness Centre Dr. Monica Singh Sports Injury Specialist,Panchkula,+91 95408 98777,https://drmonicasingh.netlify.app/,1191,5,"2399 P, Sector 21, Panchkula, Haryana 134112, India"
Yes maxx gym,Panchkula,+91 78886 84289,https://www.linkedin.com/in/shivani-chauhan-5a474b324,78,4.7,"D-52, sco 7 ft, Mansa Devi Complex, Bhainsa Tibba, MDC Sector 4, Panchkula, Haryana 134114, India"
"Pro Ultimate Gyms - Sector 8, Panchkula",Panchkula,+91 97787 00008,https://www.proultimategyms.in/,673,4.9,"2nd Floor, SCO 367-368, Sector 8, Panchkula, Haryana 134109, India"
VAULT By Virat Kohli (Panchkula),Panchkula,+91 91151 43355,https://vaultbyviratkohli.com/,122,4.8,"Ground floor, Hi5 Mall, Rajhans Theater, Sector Sector 5, Budanpur, Panchkula, Haryana 134109, India"
FnY Studio,Panchkula,+91 98882 15102,http://www.fnystudio.com/,32,4.7,"SCO69, 2nd Floor, Sector 6, Panchkula, Haryana 134109, India"
"Yoga Trans by Shveta Sharma, Since 2013 (Offline & Online classes)",Fatehpur,+91 94649 72493,http://yogatrans.org/,116,5,"1st Floor, S.C, F 7, Shiv Nagar, Sector-20, Peer Muchalla, Fatehpur, Punjab 160104, India"
Yoga Mind Body,Panchkula,+91 94631 25184,https://yogamindbody.in/,9,5,"379, Sector 21, Budanpur, Panchkula, Haryana 134112, India"
Ekyana Wellness | Yoga | Pilates | Ayurveda,Panchkula,+91 80548 84455,https://www.ekyana.com/,15,5,"Third floor, SCO 49-50, Sector 5, Panchkula, Haryana 134109, India"
Health Lounges,Panchkula,+91 85580 07103,https://healthlounges.com/,95,4.9,"103A, gh-5, Mansa Devi Complex, Sector 5, Panchkula, Haryana 134107, India"
Diet Club,Panchkula,+91 98760 02929,https://dietclub.in/,145,5,"H.no, 400, Sector 7, Panchkula, Haryana 134109, India"
Zone 5,Panchkula,+91 90414 10152,https://zone5.in/,9,5,"level -1, Hi5 Mall, Sector 5, Panchkula, Haryana 134109, India"
Pro Ultimate Gyms - MDC Panchkula,Panchkula,+91 80074 00081,https://www.proultimategyms.in/,697,4.7,"Floor 1-2, Mansa Devi Complex, SCO 80-81, Mansa Devi Complex, Sector 5, Panchkula, Haryana 134114, India"
Divya Yog Mandir,Panchkula,+91 93161 23090,https://healthservices.divyayoga.com/,62,4.8,"PR4R+VM7, Sector 7, Panchkula, Chandigarh 160101, India"
Pro Ultimate Gyms - Dhakoli,Zirakpur,+91 73473 42388,https://proultimategyms.in/,1117,4.8,"SCO 5-6, Floor, 1-2-3, near Railway Crossing, opp. Police Station, Dhakoli, Zirakpur, Punjab 160104, India"
Fitjaws Gym & Fitness Club,Zirakpur,+91 95016 54316,http://www.fitjaws.com/,257,4.9,"7 and 8, 2nd floor, main road, above axis bank, Ms Enclave, Dhakoli, Zirakpur, Punjab 160104, India"
Champion Gym (Dhakoli),Zirakpur,+91 76529 37990,http://championgym.com/,10,5,"Lower Ground Floor, Vasant Vihar, SCO 28-29, TEH, Vasant Vihar Phase 1, HIMATGARH, Dhakoli, Zirakpur, Punjab 140603, India"
TNT Gym Baltana,Zirakpur,+91 98152 55575,https://www.tntgyms.com/,513,4.7,"SCO - 5678, K - Area Rd, Baltana, Dhakoli, Zirakpur, Punjab 140604, India"
Blaze Gym & Spa Zirakpur,Zirakpur,+91 1762 530 160,http://thedevilangel.com/,202,4,"SCO 1-2, Kalgidhar Enclave, Baltana, Kalka Shimla Highway, Zirakpur, Punjab 140604, India"
Athelonics Hybrid Gym Zirakpur,"Zirakpur, Panchkula",+91 85914 99554,https://athelonics.in/,26,4.7,"City Court, Highway, Guru Gobind Singh Nagar, Dhakoli, Zirakpur, Panchkula, Punjab 160104, India"
Athletiq Hybrid Gym,Zirakpur,+91 78371 00333,https://athletiqgyms.in/,44,4.2,"first Floor, City Court, SCO: 10, NH5, Guru Gobind Singh Nagar, Dhakoli, Zirakpur, Punjab 160104, India"
Elevate - Best gym in Peer muchalla,"Zirakpur, Kishanpura",+91 97215 00038,https://true-elevate.com/,296,4.6,"Second Floor, Sushma Capital, 8-11/14-19, Peer Muchalla, Zirakpur, Kishanpura, Punjab 140603, India"
Akash Dreamers Dance Studio,Zirakpur,+91 83600 03414,https://www.google.com/search?q=akash+dreamers+dance+studio+reviews&oq=akash&aqs=chrome.1.69i57j69i59l3j0i271.1458j0j7&client=ms-android-vivo&sourceid=chrome-mobile&ie=UTF-8,168,4.9,"Sco 4, 2nd floor Above PP diary Hem vihar, Baltana, near highland society, Punjab 140604, India"
Anytime Fitness,Panchkula,+91 63999 00075,https://www.anytimefitness.co.in/gyms/in-1224/panchkula-haryana-134116/,65,4.3,"First and Second floor, Urban Estate, SCO 395, nearby KFC, Sector 20, Panchkula, Haryana 134116, India"
CoachAmarsh,Panchkula,+91 93177 04579,https://coachamarsh.com/,,,"986/11, Budanpur, Panchkula, Haryana 134112, India"
Nidanam Wellness,Panchkula,+91 92160 84777,http://www.nidanamwellness.com/,127,4.3,"DSS 143 FF, sector 11, Near, Geeta Mandir Rd, Sector 11, Panchkula, Haryana 134112, India"
Emerald Martial Arts,Panchkula,+91 94174 06261,http://emeraldmartialarts.com/,82,4.8,"SCO 37 Top Floor, Sector 12, Panchkula, Haryana 134112, India"
S.R. Life Fitness,Zirakpur,+91 90411 26926,http://srlifefitness.in/,93,5,"Top Floor, Sco 4, Peer Baba Rd, Baltana, Sector 19, Zirakpur, Punjab 160040, India"
Infinity Lift,Zirakpur,+91 97799 33370,http://infinitylift01.netlify.app/,103,5,"1st & 2nd Floor, Walia Complex, SCO 4, Peer Baba Rd, Baltana, Sector 19, Zirakpur, Punjab 140604, India"
gym,Zirakpur,+91 87279 21117,https://amitcreations.studentataarcodes.in/,,,"Second Floor, SOHI TOWERS, SCO 28, Govind VIhar, Baltana, Sector 19, Zirakpur, Punjab 140603, India"
Revive Fitnes Gym,Zirakpur,+91 88375 19996,https://revivefitnes.com/,135,4.7,"SCO-1, 2nd Floor, Sushma Square, Market, Old Ambala Rd, opposite Maple Apartments, Dhakoli, Punjab 140603, India"
Getfitwithraju,"Zirakpur, Kishanpura",,https://www.getfitwithraju.com/,32,5,"Swami Enclave, 51c, near Green Valley, apartment, Dhakoli, Zirakpur, Kishanpura, Punjab 160104, India"
Sharp Fitness,Zirakpur,+91 82840 22068,https://www.sharpfitness.co.in/,50,4.7,"JMR City walk, Chandigarh Road, Zirakpur, Punjab 140603, India"
Burn Gym | Best Gym in Zirakpur | Premium Fitness | Burn Gym Ambala Road,Zirakpur,+91 83606 03201,https://burngym.com/,513,4.8,"4th Floor, SS Infinity, Ambala - Chandigarh Expy, Zirakpur, Punjab 140603, India"
HYPE THE GYM ZIRAKPUR,Zirakpur,+91 99995 01352,http://hypethegym.com/,167,4.4,"Second Floor, Hype the gym, market, VIP Rd, opp. B-Block, Zirakpur, Punjab 140603, India"
Breathe and Heal - Zirakpur,Zirakpur,+91 96467 28007,https://breathe-and-heal.localo.site/,28,5,"VIP Rd, opposite VCARE HOSPITAL, Zirakpur, Punjab 140603, India"
Avni Yoga Studio,"Kishanpura, Zirakpur",+91 93991 37373,https://www.avniyagastudio.com/,17,5,"Balaji Tower, E-604, Dhakoli, Kishanpura, Zirakpur, Punjab 140603, India"
Kudrat Dance & Fitness Squad Zirakpur,"Zirakpur, Gazipur",+91 90560 07823,https://www.kudratclub.in/,9,5,"Shop no 8, First Floor, Ananta Square, Gazipur Rd, Zirakpur, Gazipur, Punjab 140603, India"
Yoga Plus,Zirakpur,+91 98728 95727,https://sites.google.com/view/yoga-plus-studio/home,86,4.9,"74 A , Level, 2, Patiala Rd, near Yes Bank, Balaji Enclave, Utrathiya, Zirakpur, Punjab 140603, India"
JD Dance & Fitness Studio,Zirakpur,+91 99155 66691,https://sites.google.com/view/jd-dance-fitness-studio?usp=sharing,25,5,"Sco:- 24 ,FF Floor, Guru Nanak Main Market, Old Ambala Rd, Guru Nanak Enclave, Dhakoli, Zirakpur, Punjab 160104, India"
BMS (BODY MIND SOUL)Goodlife wellness club,"Mohali, Zirakpur",+91 90230 73616,https://famliya.com/blogs/the-best-free-learning-pod-community-platform-for-live-classes-in-2026,48,5,"SCO-40, First floor, Guru nanak market, Old Ambala Rd, Dhakoli, Mohali, Zirakpur, Punjab 160104, India"
Anant Yogalaya Peer Muchalla (Zirakpur),"Zirakpur, Sanauli",,https://www.anantyogalaya.yoga/,25,5,"first floor, Metro Town, shopping center, 10-11, Dhakoli, Zirakpur, Sanauli, Punjab 160104, India"
TNT Gym & Spa,"Zirakpur, Sanauli",+91 97798 80666,https://tntgyms.com/,555,4.7,"Hill View Enclave, SCF 1-2-3-4, near Peer Muchalla Road, Dhakoli, Zirakpur, Sanauli, Punjab 160104, India"
"Shri balaji Complex,SCO 21-22,Dhakoli,Zirakpur",Zirakpur,,https://merepanditji.com/,5,2.6,"Shri balaji Complex, SCO 21-22, Dhakoli, Zirakpur, Punjab 160104, India"
Fitness Coach Praveen Rana,"Zirakpur, Sanauli",+91 85915 22456,https://parveenranafitness.com/,27,5,"H block, ROYAL EMPIRE, 201, Peer Muchalla Rd, Dhakoli, Zirakpur, Sanauli, Punjab 160104, India"
Victory Fitness Gym,"Bhabat, Zirakpur",+91 75270 43733,https://victoryfitness.co.in/,39,4.9,"2nd Floor, SS Plaza, Near Riverdale Apartments Highland Marg, Nabha, Road, Bhabat, Zirakpur, Punjab 140603, India"
Avyukt Fitness,Zirakpur,+91 90411 12364,https://www.fitfaat.com/5038/sports-and-fitness/avyukt-%20fitness,43,4.9,"first floor, Zamidara enclave, Scf 308, Utrathiya, Zirakpur, Punjab 140603, India"
eagle fitness gym,Zirakpur,,https://eagle-fitness-gym.grexa.site/,1,5,"sco 9, Lohgarh Rd, Badal Colony, Zirakpur, Punjab 140603, India"
Pro Ultimate Gyms Patiala Highway Zirakpur,"Zirakpur, Nabha",+91 88372 00002,https://proultimategyms.in/,1010,4.8,"Floor 1-2, Highground Market, SCO 02-03, Patiala Rd, Zirakpur, Nabha, Punjab 140603, India"
Personal Yoga Home Classes Panchkula,Panchkula,+91 96578 40974,https://personal-yoga-home.grexa.site/,3,5,"Shop Number 120, Sector 20, Panchkula, Haryana 134117, India"
Shape n Aesthetics - Skin | Laser | Fitness | Pilates | Physiotherapy| Academy Courses,"Zirakpur, Fatehpur",+91 98881 94364,https://shapenaesthetics.com/,208,4.9,"1st & 2nd floor, S.C.O-8, Peer Muchalla, Zirakpur, Fatehpur, Punjab 160104, India"
Health N Wellness,,+91 1762 420 939,http://www.healthnwellness.in/,10,5,
Olive The Wellness Spa,"Nabha, Zirakpur",,https://www.olivethewellnessspa.com/,3,5,"Radisson Hotel Chandigarh Zirakpur Patiala Road, Green Enclave Road, Nabha, Zirakpur, Punjab 140603, India"
Olive The Wellness Spa,"Chandigarh, Zirakpur",,https://www.olivethewellnessspa.com/,1,5,"Park Plaza, National Highway, Chandigarh, Zirakpur, Punjab 140603, India"
Elevate Wellness Club - Best Gym in Zirakpur,"Zirakpur, Chandigarh",+91 85588 25250,https://true-elevate.com/,344,4.5,"Sco-1, Maya Garden, Ph-3, VIP Rd, Zirakpur, Chandigarh, Punjab 140603, India"
Rhythm & Royalty Fitness Centre Zirakpur,"Zirakpur, Nabha",+91 77196 29735,https://rhythmroyaltyfitness.com/,4,5,"Third Floor, Mohali City Square, SCO 48, Patiala Rd, Zirakpur, Nabha, Punjab 140603, India"
Total Fusion Club,"Zirakpur, Nagla",+91 82642 59155,https://tptalfusion.lovable.app/,50,4.7,"gate no 4, MAYA GARDEN CITY, Opposite, Nagla Rd, Zirakpur, Nagla, Punjab 140603, India"
Bodylife Premium Gym & Spa,"Sahibzada Ajit Singh Nagar, Zirakpur",+91 62834 40374,https://bodylife-premium-gyms.grexa.site/,443,4.9,"Sco 17 18 19, Patiala Rd, Sahibzada Ajit Singh Nagar, Zirakpur, Punjab 140603, India"
"Self defense and fitness , martial art center","Zirakpur Chandigarh, Zirakpur",+91 98882 43637,http://shastrang.com/,11,4.5,"sco 53, patiyala road, near Honda show room, punchkula, Zirakpur Chandigarh, Zirakpur, Punjab 140603, India"
"Dr Vibha Ojas Fitness Clinic & Educational Centre | PCOD, Thyroid & Fat Loss Expert",Panchkula,+91 94643 23817,http://www.drvibhaojas.in/,118,4.9,"Sco 16, adj. Sector 20 Road, Sector 21, Peer Muchalla, Panchkula, Punjab 134117, India"
BODY BALANCE PHYSIOTHERAPY & SPORTS INJURY REHAB CLINIC,Panchkula,+91 78140 43234,https://bodybalancephysiotherapy.com/physiotherapist-in-panchkula,44,4.9,"1354, near Alchemist Hospital Road, Sector 21, Budanpur, Panchkula, Haryana 134117, India"
Krishna Global,Zirakpur,+91 90561 13356,https://globalkrishna.netlify.app/?utm_source=ig&utm_medium=social&utm_content=link_in_bio&fbclid=PAZXh0bgNhZW0CMTEAc3J0YwZhcHBfaWQPNTY3MDY3MzQzMzUyNDI3AAGnNnMgGGJS7NcDDBlIjhg3i5T5qcdvjU80Az6vDQlXsgQrAkAah_VeUt9-Yb0_aem_02xp5qs6-Ujg6XrU2GGuxQ#gym,1,1,"Zirakpur Flyover, Utrathiya, Zirakpur, Punjab 140603, India"
HEALTHY LIFESTYLE CLINIC,Panchkula,+91 94633 91429,https://www.eka.care/doctor/dr-pratibha-jindal-dietitian-nutritionist-panchkula?utm_source=gmb&utm_medium=website&utm_campaign=032023,18,4.9,"House No. 1674, Sector 21, Budanpur, Panchkula, Haryana 134109, India"
Aastha yoga online classes,"Chandigarh, Zirakpur",,https://mybusinessinfo.website/Aastha-Yoga-Online-Classes,,,"Aastha Apartment, Chandigarh, Zirakpur, Punjab 140603, India"
Anytime Fitness,Zirakpur,+91 98882 11103,https://www.anytimefitness.co.in/gyms/in-1135/zirakpur-punjab-140603/,180,4.3,"First floor, Apple’s Height, VIP Rd, Zirakpur, Punjab 140603, India"
Shreem Aura,"Bir Chhat, Zirakpur",+91 76962 01555,https://shreemaura.org/,,,"Shushma joynest, 102, Bir Chhat, Zirakpur, Punjab 140603, India"
Oxizone Fitness & Spa,Zirakpur,+91 76961 33777,https://oxizonefitness.com/zirakpur/,866,4.5,"SCO 303 VIP Central, VIP Rd, Zirakpur, Punjab 140603, India"
